{
  "project_info": {
    "project_number": "205331389428",
    "project_id": "fir-fatec-c73f2",
    "storage_bucket": "fir-fatec-c73f2.appspot.com"
  },
  "client": [
    {
      "client_info": {
        "mobilesdk_app_id": "1:205331389428:android:1ae752d1dc3fac62d537a1",
        "android_client_info": {
          "package_name": "br.edu.fatecpg"
        }
      },
      "oauth_client": [],
      "api_key": [
        {
          "current_key": "AIzaSyD7dgGN1XIvI_7QZifQkdDmxHJ6YTGduBU"
        }
      ],
      "services": {
        "appinvite_service": {
          "other_platform_oauth_client": []
        }
      }
    }
  ],
  "configuration_version": "1"
}